Source,Cost,Bed,Bath,Address,City,Size
Trulia,"$949,000","5 bd","4ba","1367 Starbuck St","Fullerton, CA","3,450 sqft"
Trulia,"$519,000","3 bd","2ba","713 S Woods Ave","Fullerton, CA","1,476 sqft"
Trulia,"$1,250,000","5 bd","3ba","1925 Celeste Ln","Fullerton, CA","3,459 sqft"
Trulia,"$550,000","3 bd","2ba","1213 W Hill Ave","Fullerton, CA","1,850 sqft"
Trulia,"$309,900","2 bd","2ba","4111 Carol Dr #F","Fullerton, CA","945 sqft"
Trulia,"$599,900","3 bd","2ba","2019 W Roberta Ave","Fullerton, CA","2,080 sqft"
Trulia,"$529,500","2 bd","3ba","2342 Applewood Cir #75","Fullerton, CA","1,500 sqft"
Trulia,"$524,900","3 bd","2ba","129 Turner Ave","Fullerton, CA","1,288 sqft"
Trulia,"$559,000","4 bd","2ba","1431 W Woodcrest Ave","Fullerton, CA","1,514 sqft"
Trulia,"$609,900","3 bd","3ba","426 Westchester Pl","Fullerton, CA","2,023 sqft"
Trulia,"$145,000","2 bd","2ba","1201 W Valencia Mesa Dr #104","Fullerton, CA","1,332 sqft"
Trulia,"$529,888","3 bd","2ba","2630 N Harbor Blvd #8","Fullerton, CA","1,994 sqft"
Trulia,"$864,000","4 bd","3ba","1917 Smokewood Ave","Fullerton, CA","2,742 sqft"
Trulia,"$540,000","3 bd","3ba","654 W Houston Ave","Fullerton, CA","1,787 sqft"
Trulia,"$445,000","3 bd","3ba","1534 Windsor Ln","Fullerton, CA","1,652 sqft"
Trulia,"$300,000","2 bd","2ba","1511 S Pomona Ave #A13","Fullerton, CA","1,157 sqft"
Trulia,"$728,000","4 bd","3ba","748 Hillsboro Pl","Fullerton, CA","4,170 sqft"
Trulia,"$660,000","4 bd","3ba","613 Maertin Ln","Fullerton, CA","2,027 sqft"
Trulia,"$1,100,000","3 bd","3ba","1130 W Fern Dr","Fullerton, CA","3,965 sqft"
Trulia,"$590,000","4 bd","2ba","1475 Rolling Hills Dr","Fullerton, CA","1,847 sqft"
Trulia,"$328,000","2 bd","2ba","1541 S Pomona Ave #A39","Fullerton, CA","1,157 sqft"
Trulia,"$339,000","2 bd","2ba","2900 Madison Ave","Fullerton, CA","943 sqft"
Trulia,"$669,800","3 bd","3ba","610 Augusta Ct","Fullerton, CA","2,373 sqft"
Trulia,"$299,900","2 bd","1ba","628 Bridgeport Cir #7","Fullerton, CA","704 sqft"
Trulia,"$489,000","2 bd","2ba","165 Village Ct","Fullerton, CA","1,706 sqft"
Trulia,"$575,000","3 bd","2ba","2248 Clark Dr","Fullerton, CA",""
Trulia,"$439,000","2 bd","2ba","1259 Paseo Dorado #34","Fullerton, CA","1,181 sqft"
Trulia,"$1,099,000","5 bd","3ba","2920 Hawks Pointe Dr","Fullerton, CA","3,100 sqft"
Trulia,"$699,000","3 bd","2ba","813 Carhart Ave","Fullerton, CA","1,517 sqft"
Trulia,"$499,950","2 bd","2ba","654 W Glenwood Dr","Fullerton, CA",""
Trulia,"$549,000","4 bd","2ba","1472 W Maxzim Ave","Fullerton, CA","1,517 sqft"
Trulia,"$1,480,000","5 bd","5ba","448 Moderno Pl","Fullerton, CA","4,529 sqft"
Trulia,"$1,200,000","4 bd","4ba","1148 W Valley View Dr","Fullerton, CA","4,185 sqft"
Trulia,"$625,000","4 bd","4ba","1310 W Orange Blossom Way","Fullerton, CA","2,140 sqft"
Trulia,"$599,000","5 bd","","607 W Orangethorpe Ave","Fullerton, CA",""
Trulia,"$808,800","5 bd","3ba","2166 Winterwood Dr","Fullerton, CA","2,728 sqft"
Trulia,"$499,000","4 bd","2ba","212 E Rosslynn Ave","Fullerton, CA","1,371 sqft"
Trulia,"$265,000","1 bd","1ba","1601 S Pomona Ave #D6","Fullerton, CA","881 sqft"
Trulia,"$520,000","2 bd","2ba","1505 W Malvern Ave","Fullerton, CA","926 sqft"
Trulia,"$729,900","3 bd","3ba","1933 Saint Simons Pl","Fullerton, CA","2,271 sqft"
Trulia,"$248,888","1 bd","1ba","3062 Associated Rd","Fullerton, CA","676 sqft"
Trulia,"$164,900","1 bd","1ba","351 N Ford Ave #226","Fullerton, CA","462 sqft"
Trulia,"$899,000","5 bd","3ba","3000 Arlington Ave","Fullerton, CA","2,935 sqft"
Trulia,"$700,000","4 bd","2ba","2059 Seaview Dr","Fullerton, CA","1,912 sqft"
Trulia,"$1,288,000","3 bd","3ba","3010 Clearwood Ct","Fullerton, CA","3,345 sqft"
Trulia,"$1,350,000","5 bd","4ba","2932 Hawks Pointe Dr","Fullerton, CA","3,546 sqft"
Trulia,"$849,000","4 bd","2ba","1511 Camino Alto","Fullerton, CA","2,161 sqft"
Trulia,"$618,000","3 bd","2ba","733 W Wilshire Ave","Fullerton, CA","1,200 sqft"
Trulia,"$599,000","3 bd","2ba","840 W W Fern Dr","Fullerton, CA","1,266 sqft"
Trulia,"$699,000","4 bd","4ba","301 E Lillie Ave","Fullerton, CA","2,133 sqft"
Trulia,"$629,990","6 bd","3ba","1309 W Chapman Ave","Fullerton, CA","1,981 sqft"
Trulia,"$590,000","4 bd","3ba","431 W Orangethorpe Ave","Fullerton, CA","1,965 sqft"
Trulia,"$999,000","5 bd","5ba","2235 Evans St","Fullerton, CA","3,281 sqft"
Trulia,"$2,399,000","6 bd","5ba","1504 Ridgemont Ct","Fullerton, CA","4,970 sqft"
Trulia,"$520,000","3 bd","2ba","2936 Persimmon Pl","Fullerton, CA","1,617 sqft"
Trulia,"$580,000","3 bd","2ba","1348 W Olive Ave","Fullerton, CA","1,823 sqft"
Trulia,"$499,990","5 bd","2ba","530 W Elm Ave","Fullerton, CA","1,596 sqft"
Trulia,"$599,900","4 bd","2ba","2925 Persimmon Pl","Fullerton, CA","1,840 sqft"
Trulia,"$729,900","3 bd","2ba","606 Las Riendas Dr","Fullerton, CA","1,558 sqft"
Trulia,"$639,800","3 bd","2ba","2821 Spruce Pl","Fullerton, CA","1,286 sqft"
Trulia,"$274,500","1 bd","1ba","2900 Madison Ave #D17","Fullerton, CA","756 sqft"
Trulia,"$645,000","3 bd","3ba","2804 Hickory Pl","Fullerton, CA","1,745 sqft"
Trulia,"$519,990","3 bd","2ba","630 W Elm Ave","Fullerton, CA","1,176 sqft"
Trulia,"$659,000","3 bd","2ba","549 N Cornell Ave","Fullerton, CA","1,600 sqft"
Trulia,"$580,000","3 bd","2ba","1401 W Malvern Ave","Fullerton, CA","1,233 sqft"
Trulia,"$519,000","3 bd","2ba","2200 W Porter Ave","Fullerton, CA","1,423 sqft"
Trulia,"$599,000","3 bd","2ba","227 Florence Pl","Fullerton, CA","1,459 sqft"
Trulia,"$247,000","1 bd","1ba","3032 Associated Rd #89","Fullerton, CA","676 sqft"
Trulia,"$475,000","3 bd","2ba","2339 Conejo Ln #22","Fullerton, CA","1,249 sqft"
Trulia,"$569,000","4 bd","2ba","630 S Pacific Dr","Fullerton, CA","1,157 sqft"
Trulia,"$529,900","3 bd","2ba","1454 W West Ave","Fullerton, CA","1,273 sqft"
Trulia,"$549,850","3 bd","2ba","3517 W Valencia Dr","Fullerton, CA","1,339 sqft"
Trulia,"$539,000","4 bd","2ba","407 S Hastings Ave","Fullerton, CA","1,245 sqft"
Trulia,"$514,990","3 bd","1ba","1871 Carol Dr","Fullerton, CA","1,028 sqft"
Trulia,"$495,000","3 bd","2ba","536 W Orangethorpe Ave","Fullerton, CA","1,103 sqft"
Trulia,"$779,000","4 bd","2ba","128 Elsa Dr","Fullerton, CA","1,847 sqft"
Trulia,"$629,900","3 bd","2ba","709 Ladera Vista Dr","Fullerton, CA","1,161 sqft"
Trulia,"$549,900","3 bd","2ba","312 N Harrington Dr","Fullerton, CA","1,369 sqft"
Trulia,"$599,900","3 bd","2ba","1512 Central Ave","Fullerton, CA","1,209 sqft"
Trulia,"$385,900","1 bd","2ba","806 Creekside Dr","Fullerton, CA","1,098 sqft"
Trulia,"$365,000","2 bd","1ba","1719 N Gilbert St #12","Fullerton, CA","871 sqft"
Trulia,"$514,900","3 bd","2ba","624 W Gage Ave","Fullerton, CA","1,103 sqft"
Trulia,"$499,000","4 bd","2ba","212 E Rosslynn Av Fullerton Ca 92832","Fullerton, CA","1,371 sqft"
Trulia,"$615,000","4 bd","2ba","2616 Cambridge Ave","Fullerton, CA","1,671 sqft"
Trulia,"$569,000","3 bd","2ba","312 N Marie Ave","Fullerton, CA","1,208 sqft"
Trulia,"$529,000","3 bd","2ba","1324 W Roberta Ave","Fullerton, CA","1,515 sqft"
Trulia,"$645,000","3 bd","2ba","1201 N Hale Ave","Fullerton, CA","1,684 sqft"
Trulia,"$529,998","2 bd","1ba","305 Marwood Ave","Fullerton, CA","999 sqft"
Trulia,"$619,000","3 bd","2ba","1925 Mimosa Pl","Fullerton, CA","1,304 sqft"
Trulia,"$318,888","1 bd","2ba","2745 Pine Creek Cir","Fullerton, CA","831 sqft"
Trulia,"$1,249,000","4 bd","3ba","1849 Avenida Del Norte","Fullerton, CA","3,410 sqft"
Trulia,"$560,000","3 bd","3ba","1276 Mc Fadden Dr","Fullerton, CA",""
Trulia,"$355,000","1 bd","2ba","522 Shade Tree Ln #20","Fullerton, CA",""
Trulia,"$599,000","","","607 W Orangethorpe Ave","Fullerton, CA",""
Trulia,"$549,900","3 bd","2ba","2032 E Santa Fe Ave","Fullerton, CA","1,370 sqft"
Trulia,"$133,999","1 bd","","301 N Ford Ave #214","Fullerton, CA",""
Trulia,"$449,000","2 bd","2ba","3517 W Ash Ave","Fullerton, CA",""
Trulia,"$525,000","4 bd","2ba","1531 W Ash Ave","Fullerton, CA","1,432 sqft"
Trulia,"$679,000","3 bd","2ba","300 Concord Ave","Fullerton, CA","1,700 sqft"
Trulia,"$1,049,000","4 bd","3ba","658 Oak Tree St","Fullerton, CA","3,066 sqft"
Trulia,"$629,000","3 bd","2ba","2629 W Cherry Ave","Fullerton, CA","1,672 sqft"
Trulia,"$629,900","3 bd","2ba","1312 W Jacaranda Pl","Fullerton, CA","1,700 sqft"
Trulia,"$549,000","3 bd","2ba","431 W Houston Ave","Fullerton, CA","1,235 sqft"
Trulia,"$659,000","3 bd","2ba","2631 W Cherry Ave","Fullerton, CA","1,859 sqft"
Trulia,"$849,999","4 bd","3ba","748 Paseo Pl","Fullerton, CA","2,265 sqft"
Trulia,"$3,000,000","5 bd","3ba","841 Madera Pl","Fullerton, CA","3,960 sqft"
Trulia,"$1,890,000","8 bd","9ba","222 E Whiting Ave","Fullerton, CA","4,001 sqft"
Trulia,"$1,180,000","4 bd","4ba","2662 Saratoga Dr","Fullerton, CA","3,324 sqft"
Trulia,"$825,000","3 bd","2ba","2061 Smokewood Ave","Fullerton, CA","2,041 sqft"
Trulia,"$740,000","3 bd","1ba","128 W Brookdale Pl","Fullerton, CA","1,290 sqft"
Trulia,"$1,400,000","5 bd","3ba","2126 Pioneer Ave","Fullerton, CA","3,072 sqft"
Trulia,"$899,800","4 bd","2ba","2265 Camino Rey","Fullerton, CA","2,182 sqft"
Trulia,"$829,900","3 bd","3ba","1830 Avenida Del Norte","Fullerton, CA","2,287 sqft"
Trulia,"$699,900","3 bd","2ba","924 Sierra Vista Dr","Fullerton, CA","1,461 sqft"
Trulia,"$1,795,000","4 bd","6ba","129 E Hermosa Dr","Fullerton, CA","4,987 sqft"
Trulia,"$849,000","3 bd","2ba","1266 Valle Vista Dr","Fullerton, CA","2,146 sqft"
Trulia,"$1,000,000","5 bd","4ba","1310 N Brookhurst Pl","Fullerton, CA","2,350 sqft"
Trulia,"$825,000","5 bd","4ba","1618 W Brookdale Pl","Fullerton, CA","2,358 sqft"
Trulia,"$4,850,000","6 bd","9ba","901 W Las Palmas Dr","Fullerton, CA","10,130 sqft"
Trulia,"$949,000","4 bd","3ba","2120 Domingo Rd","Fullerton, CA","2,304 sqft"
Trulia,"$919,000","4 bd","3ba","2251 Domingo Rd","Fullerton, CA","2,082 sqft"
Trulia,"$999,000","4 bd","3ba","941 Arbolado Dr","Fullerton, CA","2,431 sqft"
Trulia,"$1,125,000","3 bd","3ba","2114 N Moody Ave","Fullerton, CA","2,115 sqft"
Trulia,"$350,000","2 bd","2ba","1737 Brea Blvd #221","Fullerton, CA",""
Trulia,"$559,000","3 bd","3ba","1023 Carmel Cir","Fullerton, CA",""
Trulia,"$609,000","3 bd","3ba","632 Colonial Cir","Fullerton, CA",""
Trulia,"$499,900","2 bd","3ba","2308 Applewood Cir","Fullerton, CA",""
Trulia,"$545,900","3 bd","3ba","2675 Monterey Pl","Fullerton, CA",""
Trulia,"$539,888","","","227 229 Turner Ave","Fullerton, CA",""
Trulia,"$469,000","3 bd","2ba","2476 Coventry Cir #68","Fullerton, CA",""
Trulia,"$999,500","","","3155 Pearl Dr","Fullerton, CA",""
Trulia,"$975,000","","","3037 Garnet Ln","Fullerton, CA",""
Trulia,"$829,900","4 bd","3ba","1149 Gardiner Ln","Fullerton, CA",""
Trulia,"$818,888","4 bd","4ba","1153 Klose Ln","Fullerton, CA",""
Trulia,"$898,000","4 bd","4ba","1131 Gallemore Ln","Fullerton, CA",""
Trulia,"$959,999","","","3119 Garnet Ln","Fullerton, CA",""
Trulia,"$849,000","3 bd","2ba","2364 Camino Rey","Fullerton, CA",""
Trulia,"$329,000","3 bd","2ba","2851 Rolling Hills Dr #116","Fullerton, CA","1,450 sqft"
Trulia,"$305,000","2 bd","1ba","2851 Rolling Hills Dr #10","Fullerton, CA","1,450 sqft"
Trulia,"$449,888","3 bd","2ba","1353 W Maxzim Ave","Fullerton, CA","1,872 sqft"
Trulia,"$299,000","2 bd","2ba","2380 W Orangethorpe Ave #38","Fullerton, CA",""
Trulia,"$580,000","3 bd","2ba","131 N Janet Pl","Fullerton, CA","1,580 sqft"
Trulia,"$850,000","4 bd","4ba","740 Panorama Rd","Fullerton, CA","2,307 sqft"
Trulia,"$499,995","3 bd","3ba","2220 Vista Del Sol","Fullerton, CA",""
Trulia,"$699,000","4 bd","3ba","220 Winetta Pl","Fullerton, CA","2,900 sqft"
Trulia,"$400,000","3 bd","3ba","2529 Monterey Pl","Fullerton, CA","1,693 sqft"
Trulia,"$585,000","3 bd","2ba","1224 Evergreen Ave","Fullerton, CA","1,272 sqft"
Trulia,"$367,500","3 bd","2ba","1529 Wavertree Ln","Fullerton, CA","1,203 sqft"
Trulia,"$410,000","2 bd","1ba","3501 W Ash Ave","Fullerton, CA","1,152 sqft"
Trulia,"$401,000","3 bd","2ba","1506 S Pine Dr","Fullerton, CA","1,344 sqft"
Trulia,"$559,000","3 bd","3ba","546 Riviera Ct","Fullerton, CA","2,162 sqft"
Trulia,"$439,000","2 bd","2ba","2648 N Harbor Blvd","Fullerton, CA","1,668 sqft"
Trulia,"$665,000","3 bd","2ba","2301 Nutwood Ave","Fullerton, CA","2,845 sqft"
Trulia,"$580,000","3 bd","3ba","2141 Woodbriar Ct","Fullerton, CA","2,002 sqft"
Trulia,"$735,000","5 bd","3ba","2200 Camino Del Sol","Fullerton, CA","3,694 sqft"
Trulia,"$674,900","4 bd","3ba","665 Drake Ave","Fullerton, CA","2,800 sqft"
Trulia,"$795,000","5 bd","4ba","649 Drake Ave","Fullerton, CA","3,244 sqft"
Trulia,"$1,000,000","5 bd","5ba","2042 Christie St","Fullerton, CA","4,480 sqft"
Trulia,"$975,000","4 bd","3ba","1954 Lexington Dr","Fullerton, CA","3,307 sqft"
Trulia,"$729,900","5 bd","3ba","413 Ximeno Dr","Fullerton, CA","2,692 sqft"
Trulia,"$759,995","4 bd","3ba","219 Ladera Vista Dr","Fullerton, CA","2,613 sqft"
Trulia,"$350,000","2 bd","2ba","2687 Milton Ave #9","Fullerton, CA","1,203 sqft"
Trulia,"$950,000","4 bd","5ba","1490 Benchley St","Fullerton, CA","3,854 sqft"
Trulia,"$899,000","4 bd","3ba","2577 Sunflower St","Fullerton, CA","2,495 sqft"
Trulia,"$460,000","3 bd","2ba","1156 Jewett Dr","Fullerton, CA","1,848 sqft"
Trulia,"$795,000","5 bd","3ba","1014 Westridge Knls","Fullerton, CA","2,863 sqft"
Trulia,"$899,900","5 bd","3ba","741 Las Riendas Dr","Fullerton, CA","3,315 sqft"
Trulia,"$899,000","4 bd","4ba","711 W Union Ave","Fullerton, CA","3,287 sqft"
Trulia,"$990,000","4 bd","5ba","1879 Catlin St","Fullerton, CA","3,854 sqft"
Trulia,"$385,000","2 bd","2ba","2958 Haddonfield Loop","Fullerton, CA","1,059 sqft"
Trulia,"$336,232","3 bd","3ba","2340 W Orangethorpe Ave #24","Fullerton, CA","1,243 sqft"
Trulia,"$279,500","1 bd","1ba","2900 Madison Ave #B39","Fullerton, CA","756 sqft"
Trulia,"$386,900","4 bd","3ba","1345 Cameo Ln","Fullerton, CA",""
Trulia,"$575,000","4 bd","2ba","1548 Kingham Way","Fullerton, CA","2,096 sqft"
Trulia,"$612,445","3 bd","3ba","2025 Woodbriar Ct","Fullerton, CA","2,002 sqft"
Trulia,"$449,900","3 bd","1ba","241 Kellog Ave","Fullerton, CA","1,216 sqft"
Trulia,"$828,000","4 bd","3ba","772 El Mirador Dr","Fullerton, CA","2,928 sqft"
Trulia,"$689,900","5 bd","3ba","1825 Avenida Selva","Fullerton, CA","2,496 sqft"
Trulia,"$1,238,000","5 bd","5ba","2579 Nixon Way","Fullerton, CA","4,337 sqft"
Trulia,"$699,900","3 bd","3ba","704 Arroues Dr","Fullerton, CA","2,437 sqft"
Trulia,"$569,900","4 bd","2ba","2100 W Baker Ave","Fullerton, CA","1,775 sqft"
Trulia,"$1,049,000","4 bd","","1253 Crestview Dr","Fullerton, CA",""
Trulia,"$570,000","3 bd","2ba","675 W Glenwood Dr","Fullerton, CA","1,969 sqft"
Trulia,"$599,000","4 bd","3ba","2731 Deerpark Dr","Fullerton, CA","1,951 sqft"
Trulia,"$499,999","3 bd","2ba","1132 Jewett Dr","Fullerton, CA","1,777 sqft"
Trulia,"$299,900","2 bd","2ba","3000 Associated Rd #50","Fullerton, CA","851 sqft"
Trulia,"$460,000","3 bd","2ba","604 W Knepp Ave","Fullerton, CA","1,577 sqft"
Trulia,"Contact For Estimate","3 bd","1ba","1704 W Chapman Ave","Fullerton, CA","942 sqft"
Trulia,"$638,000","3 bd","2ba","1507 Ponderosa Ave","Fullerton, CA","1,391 sqft"
Trulia,"$479,000","4 bd","2ba","1615 W West Ave","Fullerton, CA","1,533 sqft"
Trulia,"$650,000","5 bd","2ba","3042 Lime Ave","Fullerton, CA","2,037 sqft"
Trulia,"$579,000","3 bd","3ba","650 Liberation Way","Fullerton, CA","1,704 sqft"
Trulia,"$849,000","4 bd","3ba","701 E Hermosa Dr","Fullerton, CA","2,753 sqft"
Trulia,"$749,999","4 bd","3ba","1400 Concord Ave","Fullerton, CA","2,303 sqft"
Trulia,"$1,049,000","4 bd","4ba","2579 Saratoga Dr","Fullerton, CA","3,324 sqft"
Trulia,"$1,299,000","5 bd","5ba","2023 Northam Dr","Fullerton, CA","4,331 sqft"
Trulia,"$3,500,000","4 bd","5ba","1811 Ladera Vista Pl","Fullerton, CA","5,951 sqft"
Trulia,"$649,000","4 bd","2ba","628 Golden Ave","Fullerton, CA","1,969 sqft"
Trulia,"$699,888","4 bd","2ba","2708 Puente St","Fullerton, CA","2,167 sqft"
Trulia,"$659,900","4 bd","2ba","2301 Deerpark Dr","Fullerton, CA","1,920 sqft"
Trulia,"$314,500","1 bd","1ba","1117 Rosecrans Ave #15A","Fullerton, CA","790 sqft"
Trulia,"$475,000","3 bd","2ba","518 W Woodcrest Ave","Fullerton, CA","1,340 sqft"
Trulia,"$529,000","3 bd","1ba","1123 E Santa Fe Ave","Fullerton, CA","1,271 sqft"
Trulia,"$680,000","3 bd","2ba","1000 Stanford Ave","Fullerton, CA","1,950 sqft"
Trulia,"$669,000","3 bd","2ba","606 N Acacia Ave","Fullerton, CA","1,891 sqft"
Trulia,"$549,000","4 bd","2ba","1501 S Roosevelt Ave","Fullerton, CA","1,768 sqft"
Trulia,"$515,000","4 bd","2ba","1312 W Gage Ave","Fullerton, CA","1,551 sqft"
Trulia,"$529,000","3 bd","2ba","500 W Orangethorpe Ave","Fullerton, CA","1,340 sqft"
Trulia,"$555,000","3 bd","2ba","1519 S Royer Ave","Fullerton, CA","1,496 sqft"
Trulia,"$508,888","3 bd","1ba","521 W Hill Ave","Fullerton, CA","1,163 sqft"
Trulia,"$679,900","4 bd","3ba","2722 Hartford Ave","Fullerton, CA","1,951 sqft"
Trulia,"$599,000","3 bd","2ba","225 S Montague Ave","Fullerton, CA","1,599 sqft"
Trulia,"$529,900","3 bd","2ba","541 W Knepp Ave","Fullerton, CA","1,556 sqft"
Trulia,"$555,000","2 bd","3ba","2143 Cittadin Dr","Fullerton, CA","1,656 sqft"
Trulia,"$629,000","3 bd","2ba","803 Stephens Ave","Fullerton, CA","1,672 sqft"
Trulia,"$1,550,000","5 bd","5ba","1783 Catlin St","Fullerton, CA","4,778 sqft"
Trulia,"$1,350,000","5 bd","5ba","2023 Christie St","Fullerton, CA","4,181 sqft"
Trulia,"$949,000","4 bd","3ba","2030 Somerset Ln","Fullerton, CA","2,879 sqft"
Trulia,"$961,390","4 bd","3ba","755 Rosarita Dr","Fullerton, CA","2,928 sqft"
Trulia,"$425,000","3 bd","2ba","442 W Maxzim Ave","Fullerton, CA","1,213 sqft"
Trulia,"$649,000","3 bd","2ba","1006 N Yale Ave","Fullerton, CA","1,567 sqft"
Trulia,"$595,000","3 bd","2ba","1443 Ponderosa Ave","Fullerton, CA","1,400 sqft"
Trulia,"$647,900","3 bd","2ba","2406 Deerpark Dr","Fullerton, CA","1,454 sqft"
Trulia,"$487,000","3 bd","2ba","227 Edward Ave","Fullerton, CA","1,066 sqft"
Trulia,"$485,000","4 bd","1ba","2408 W Olive Ave","Fullerton, CA","1,214 sqft"
Trulia,"$697,000","4 bd","3ba","3071 Heather Dr","Fullerton, CA","1,910 sqft"
Trulia,"$619,800","3 bd","2ba","1400 W Wilshire Ave","Fullerton, CA","1,216 sqft"
Trulia,"$699,000","4 bd","3ba","1710 Rolling Hills Dr","Fullerton, CA","1,650 sqft"
Trulia,"$515,000","3 bd","2ba","337 N Woods Ave","Fullerton, CA","1,288 sqft"
Trulia,"$170,000","1 bd","1ba","351 N Ford Ave #116","Fullerton, CA","462 sqft"
Trulia,"$599,900","3 bd","2ba","2700 Amherst Ave","Fullerton, CA","1,427 sqft"
Trulia,"$520,000","3 bd","2ba","1422 E Commonwealth Ave","Fullerton, CA","1,112 sqft"
Trulia,"$189,900","1 bd","1ba","1501 Brea Blvd","Fullerton, CA","501 sqft"
Trulia,"$510,000","4 bd","2ba","512 W Houston Ave","Fullerton, CA","1,348 sqft"
Trulia,"$615,000","3 bd","2ba","700 S Acacia Ave","Fullerton, CA","1,375 sqft"
Trulia,"$514,990","3 bd","2ba","2019 W Woodcrest Ave","Fullerton, CA","1,353 sqft"
Trulia,"$643,000","3 bd","2ba","2824 Woodbine Ave","Fullerton, CA","1,306 sqft"
Trulia,"$499,000","3 bd","2ba","2006 W Houston Ave","Fullerton, CA","1,344 sqft"
Trulia,"$739,000","4 bd","3ba","707 E Sunny Hills Rd","Fullerton, CA","2,149 sqft"
Trulia,"$644,975","3 bd","2ba","1508 Rolling Hills Dr","Fullerton, CA","1,796 sqft"
Trulia,"$428,888","3 bd","2ba","2423 Coventry Cir #127","Fullerton, CA","1,176 sqft"
Trulia,"$599,000","3 bd","2ba","2520 Santa Ysabel Ave","Fullerton, CA","1,250 sqft"
Trulia,"$349,800","2 bd","2ba","2900 Madison Ave #C12","Fullerton, CA","943 sqft"
Trulia,"$500,000","3 bd","2ba","214 N Lawrence Ave","Fullerton, CA","1,156 sqft"
Trulia,"$695,000","4 bd","3ba","1437 Ponderosa Ave","Fullerton, CA","1,700 sqft"
Trulia,"$279,000","1 bd","1ba","1227 Rosecrans Ave #38A","Fullerton, CA","800 sqft"
Trulia,"$499,888","3 bd","1ba","1713 W West Ave","Fullerton, CA","980 sqft"
Trulia,"$1,049,000","3 bd","2ba","1519 Kroeger Ave","Fullerton, CA","2,510 sqft"
Trulia,"$849,000","4 bd","2ba","3853 Madonna Dr","Fullerton, CA","2,547 sqft"
Trulia,"$785,342","3 bd","3ba","3207 Twilight Dr","Fullerton, CA","2,220 sqft"
Trulia,"$885,000","5 bd","4ba","213 Lido Pl","Fullerton, CA","2,667 sqft"
Trulia,"$670,000","5 bd","2ba","1013 Nutwood Ave","Fullerton, CA","1,691 sqft"
Trulia,"$630,000","3 bd","2ba","2107 Greenwood Ct","Fullerton, CA","1,745 sqft"
Trulia,"$829,000","4 bd","3ba","1017 La Senda Dr","Fullerton, CA","2,248 sqft"
Trulia,"$800,000","2 bd","2ba","1014 N Woods Ave","Fullerton, CA","1,459 sqft"
Trulia,"$998,000","3 bd","3ba","342 W Valley View Dr","Fullerton, CA","3,024 sqft"
Trulia,"$875,000","3 bd","3ba","3245 Las Faldas Dr","Fullerton, CA","2,563 sqft"
Trulia,"$1,190,000","5 bd","4ba","1925 Cypress Ave","Fullerton, CA","3,300 sqft"
Trulia,"$1,070,000","5 bd","4ba","3071 Sage View Ct","Fullerton, CA","3,187 sqft"
Trulia,"$1,124,000","4 bd","4ba","2632 Saratoga Dr","Fullerton, CA","3,324 sqft"
Trulia,"$924,900","4 bd","3ba","1773 Deerwood Dr","Fullerton, CA","2,728 sqft"
Trulia,"$699,000","2 bd","2ba","1001 Northampton Way","Fullerton, CA","1,592 sqft"
Trulia,"$579,000","2 bd","2ba","142 E Glenwood Ave","Fullerton, CA","824 sqft"
Trulia,"$749,800","5 bd","3ba","1849 Booth Ct","Fullerton, CA","2,111 sqft"
Trulia,"$1,220,000","5 bd","3ba","2626 Camino Del Sol","Fullerton, CA","3,588 sqft"
Trulia,"$1,205,000","5 bd","4ba","2911 Hawks Pointe Dr","Fullerton, CA","3,546 sqft"
Trulia,"$1,205,000","5 bd","4ba","2911 Hawks Pointe","Fullerton, CA","3,546 sqft"
Trulia,"$799,000","4 bd","2ba","1309 Manzanita Dr","Fullerton, CA","2,203 sqft"
Trulia,"$849,000","3 bd","3ba","2132 Calavera Pl","Fullerton, CA","2,069 sqft"
Trulia,"$939,900","3 bd","2ba","3230 Santa Monica Ave","Fullerton, CA","2,107 sqft"
Trulia,"$3,450,000","6 bd","7ba","820 W Las Palmas Dr","Fullerton, CA","7,539 sqft"
Trulia,"$819,000","4 bd","2ba","1400 Skyline Dr","Fullerton, CA","1,928 sqft"
Trulia,"$2,299,000","5 bd","5ba","807 Clarion Dr","Fullerton, CA","6,268 sqft"
Trulia,"$1,199,000","4 bd","4ba","1219 Frances Ave","Fullerton, CA","3,000 sqft"
Trulia,"$635,000","2 bd","2ba","336 N Woods Ave","Fullerton, CA","1,000 sqft"
Trulia,"$1,579,000","4 bd","3ba","2421 Domingo Rd","Fullerton, CA","3,125 sqft"
Trulia,"$839,000","5 bd","3ba","3072 Muir Trail Dr","Fullerton, CA","2,364 sqft"
Trulia,"$1,650,000","5 bd","5ba","2801 Blueberry Ct","Fullerton, CA","4,412 sqft"
Trulia,"$1,099,000","4 bd","3ba","2029 Redondo Pl","Fullerton, CA","2,724 sqft"
Trulia,"$850,000","3 bd","3ba","1825 W Las Lanas Ln","Fullerton, CA","2,017 sqft"
Trulia,"$689,000","4 bd","2ba","400 Jacaranda Pl","Fullerton, CA","1,937 sqft"
Trulia,"$1,795,000","3 bd","4ba","2305 Andalusian Way","Fullerton, CA","3,830 sqft"
Trulia,"$894,900","4 bd","3ba","1300 Hollydale Dr","Fullerton, CA","2,402 sqft"
Trulia,"$2,750,000","4 bd","5ba","700 Toussau Dr","Fullerton, CA","5,600 sqft"
Trulia,"$1,389,000","5 bd","4ba","2645 Terraza Pl","Fullerton, CA","3,527 sqft"
Trulia,"$1,099,000","4 bd","3ba","2102 Wildwood Ct","Fullerton, CA","2,699 sqft"
Trulia,"$624,900","3 bd","3ba","2831 Park Vista Ct","Fullerton, CA",""
Trulia,"$674,999","3 bd","3ba","2460 Hartford Ave","Fullerton, CA",""
Trulia,"$699,000","3 bd","2ba","2519 Regency Cir","Fullerton, CA",""
Trulia,"$2,500,000","","","500 E Valencia Dr","Fullerton, CA",""
Trulia,"$836,900","4 bd","4ba","1153 Cusick Dr","Fullerton, CA",""
Trulia,"$650,000","","","525 W Commonwealth Ave","Fullerton, CA",""
Trulia,"$769,900","","","2609 Santa Ysabel Ave","Fullerton, CA",""
Trulia,"$876,900","4 bd","4ba","1165 Cusick Dr","Fullerton, CA",""
Trulia,"$799,900","","","2306 Iris Ct","Fullerton, CA",""
Trulia,"","3 bd","1ba","Princeton Cir E","Fullerton, CA","1,612 sqft"
Trulia,"","2 bd","2ba","N Lee Ave","Fullerton, CA","1,445 sqft"
Trulia,"","3 bd","2ba","N Roosevelt Ave","Fullerton, CA","1,255 sqft"
Trulia,"","3 bd","2ba","S Woods Ave","Fullerton, CA","1,788 sqft"
Trulia,"","3 bd","2ba","W Walnut Ave","Fullerton, CA","1,471 sqft"
Trulia,"","1 bd","1ba","S Pomona Ave","Fullerton, CA","881 sqft"
Trulia,"","4 bd","2ba","S Hastings Ave","Fullerton, CA","1,245 sqft"
Trulia,"","4 bd","3ba","Melody Ln","Fullerton, CA","2,641 sqft"
Trulia,"","3 bd","3ba","Pinehurst Ct","Fullerton, CA","2,023 sqft"
Trulia,"","3 bd","3ba","Arbol Dr","Fullerton, CA","3,332 sqft"
Trulia,"","3 bd","3ba","Plaza De Vis","Fullerton, CA","1,904 sqft"
Trulia,"","4 bd","3ba","Baronet Pl","Fullerton, CA","2,669 sqft"
Trulia,"","4 bd","2ba","Magnolia Ave","Fullerton, CA","1,381 sqft"
Trulia,"","4 bd","3ba","Farview Rd","Fullerton, CA","2,675 sqft"
Trulia,"Contact For Estimate","3 bd","1ba","2101 W Hill Ave","Fullerton, CA","1,095 sqft"
Trulia,"Contact For Estimate","3 bd","4ba","1815 Catlin St","Fullerton, CA","3,274 sqft"
Trulia,"Contact For Estimate","3 bd","2ba","1007 S Cedar Ave","Fullerton, CA","1,427 sqft"
Trulia,"Contact For Estimate","2 bd","1ba","2425 W Flower Ave","Fullerton, CA","1,041 sqft"
Trulia,"Contact For Estimate","3 bd","2ba","605 S Newell Ave","Fullerton, CA","1,252 sqft"
Trulia,"Contact For Estimate","3 bd","1ba","1508 W Wilshire Ave","Fullerton, CA","1,216 sqft"
Trulia,"$599,900","3 bd","3ba","2289 Yarbough Dr","Fullerton, CA",""
Trulia,"Contact For Estimate","2 bd","3ba","137 Pritchard Ave","Fullerton, CA","1,295 sqft"
Trulia,"Contact For Estimate","3 bd","1ba","2136 W Ash Ave","Fullerton, CA","1,267 sqft"
Trulia,"Contact For Estimate","3 bd","3ba","2321 Applewood Cir #53","Fullerton, CA","1,444 sqft"
Trulia,"Contact For Estimate","1 bd","1ba","301 N Ford Ave #323","Fullerton, CA","462 sqft"
Trulia,"Contact For Estimate","4 bd","3ba","724 Pueblo Pl","Fullerton, CA","2,600 sqft"
Trulia,"","3 bd","3ba","Flame Flower Ln","Fullerton, CA","1,491 sqft"
Trulia,"","3 bd","2ba","Ponderosa Ave","Fullerton, CA","1,058 sqft"
Trulia,"","3 bd","3ba","Princeton Cir W","Fullerton, CA","2,266 sqft"
Trulia,"","3 bd","1ba","Basque Ave","Fullerton, CA","1,126 sqft"
Trulia,"","4 bd","2ba","Concord Ave","Fullerton, CA","1,969 sqft"
Trulia,"","3 bd","2ba","S Newell Ave","Fullerton, CA","1,092 sqft"
Trulia,"","3 bd","2ba","W Houston Ave","Fullerton, CA","1,210 sqft"
Trulia,"","3 bd","3ba","Palmetto Ter","Fullerton, CA","2,125 sqft"
Trulia,"Contact For Estimate","4 bd","3ba","2106 Greenwood Ct","Fullerton, CA","2,728 sqft"
Trulia,"","3 bd","2ba","Grove Pl","Fullerton, CA","1,600 sqft"
Trulia,"","3 bd","1ba","Union Ave","Fullerton, CA","1,370 sqft"
Trulia,"","5 bd","3ba","Summersworth Pl","Fullerton, CA","2,102 sqft"
Trulia,"","3 bd","2ba","Las Palmas Dr","Fullerton, CA","1,762 sqft"
Trulia,"Contact For Estimate","4 bd","3ba","2607 Deerpark Dr","Fullerton, CA","1,951 sqft"
Trulia,"","2 bd","2ba","S Locust Dr","Fullerton, CA","1,245 sqft"
Trulia,"Contact For Estimate","3 bd","2ba","1218 S Washington Ave","Fullerton, CA","1,234 sqft"
Trulia,"Contact For Estimate","3 bd","2ba","2518 Greenwich Dr","Fullerton, CA","1,483 sqft"
Trulia,"Contact For Estimate","3 bd","1ba","2012 W Jacaranda Pl","Fullerton, CA","1,356 sqft"
Trulia,"Contact For Estimate","4 bd","3ba","2065 Hetebrink St","Fullerton, CA","3,182 sqft"
Trulia,"Contact For Estimate","3 bd","2ba","700 S Washington Ave","Fullerton, CA","1,390 sqft"
Trulia,"Contact For Estimate","5 bd","4ba","2264 Simon St","Fullerton, CA","3,229 sqft"
Trulia,"","5 bd","2ba","Waldo Ave","Fullerton, CA","1,299 sqft"
Trulia,"","5 bd","3ba","Lido Pl","Fullerton, CA","2,482 sqft"
Trulia,"Contact For Estimate","4 bd","5ba","779 Arbolado Dr","Fullerton, CA","3,934 sqft"
Trulia,"","3 bd","3ba","W Fern Dr","Fullerton, CA","2,126 sqft"
Trulia,"Contact For Estimate","2 bd","2ba","1933 Houston Ave #21","Fullerton, CA","977 sqft"
Trulia,"Contact For Estimate","3 bd","2ba","404 N Marie Ave","Fullerton, CA","1,502 sqft"
Trulia,"Contact For Estimate","3 bd","2ba","1318 W Elm Ave","Fullerton, CA","1,245 sqft"
Trulia,"","4 bd","2ba","Boxwood Ave","Fullerton, CA","2,167 sqft"
Trulia,"Contact For Estimate","4 bd","2ba","2517 E Santa Fe Ave","Fullerton, CA","1,383 sqft"
Trulia,"","4 bd","3ba","Bayberry Way","Fullerton, CA","2,001 sqft"
Trulia,"Contact For Estimate","2 bd","2ba","1600 S Pomona Ave #C7","Fullerton, CA","1,157 sqft"
Trulia,"Contact For Estimate","3 bd","3ba","1480 Starbuck St","Fullerton, CA","2,836 sqft"
Trulia,"Contact For Estimate","2 bd","3ba","1685 Shady Brook Dr #74","Fullerton, CA","1,150 sqft"
Trulia,"","3 bd","3ba","Brooke Ln","Fullerton, CA","2,879 sqft"
Trulia,"Contact For Estimate","4 bd","2ba","605 W West Ave","Fullerton, CA","1,390 sqft"
Trulia,"Contact For Estimate","4 bd","4ba","1452 Christie St","Fullerton, CA","3,667 sqft"
Trulia,"","3 bd","1ba","Russell Ave","Fullerton, CA","1,408 sqft"
Trulia,"Contact For Estimate","2 bd","1ba","2576 Coventry Cir #98","Fullerton, CA","888 sqft"
Trulia,"Contact For Estimate","3 bd","2ba","2801 Hemlock Pl","Fullerton, CA","1,288 sqft"
Trulia,"Contact For Estimate","3 bd","3ba","1188 W Las Palmas Dr","Fullerton, CA","2,367 sqft"
Trulia,"Contact For Estimate","3 bd","1ba","135 S Citrus Ave","Fullerton, CA","995 sqft"
Trulia,"","3 bd","2ba","W Houston Ave","Fullerton, CA","1,848 sqft"
Trulia,"Contact For Estimate","4 bd","3ba","4101 Visions Dr","Fullerton, CA","2,058 sqft"
Trulia,"","3 bd","1ba","W Southgate Ave","Fullerton, CA","1,107 sqft"
Trulia,"","3 bd","2ba","N Sweet Ave","Fullerton, CA","1,202 sqft"
Trulia,"Contact For Estimate","3 bd","1ba","400 King Pl","Fullerton, CA","1,164 sqft"
Trulia,"Contact For Estimate","5 bd","5ba","2042 Christie St","Fullerton, CA","4,480 sqft"
Trulia,"Contact For Estimate","3 bd","1ba","416 N Wanda Dr","Fullerton, CA","1,169 sqft"
Trulia,"Contact For Estimate","2 bd","1ba","3613 W Oak Ave","Fullerton, CA","762 sqft"
Trulia,"Contact For Estimate","2 bd","1ba","602 Commonwealth Ave","Fullerton, CA","1,377 sqft"
Trulia,"Contact For Estimate","3 bd","3ba","133 W Southgate Ave","Fullerton, CA","2,452 sqft"
Trulia,"Contact For Estimate","2 bd","1ba","148 Elm Ave","Fullerton, CA","843 sqft"
Trulia,"Contact For Estimate","3 bd","3ba","2755 Via Seville #60","Fullerton, CA","1,296 sqft"
Trulia,"","3 bd","3ba","Mc Fadden Dr","Fullerton, CA","1,524 sqft"
Trulia,"Contact For Estimate","2 bd","3ba","1035 Creekside Dr #188","Fullerton, CA","1,381 sqft"
Trulia,"Contact For Estimate","3 bd","3ba","1414 Vista Grande #129","Fullerton, CA","1,267 sqft"
Trulia,"Contact For Estimate","3 bd","2ba","244 Jacaranda Pl","Fullerton, CA","1,548 sqft"
Trulia,"Contact For Estimate","3 bd","2ba","630 Elm Ave","Fullerton, CA","1,176 sqft"
Trulia,"Contact For Estimate","1 bd","2ba","2410 W Orangethorpe Ave #3","Fullerton, CA","920 sqft"
Trulia,"Contact For Estimate","4 bd","2ba","2513 Commonwealth Ave","Fullerton, CA","1,411 sqft"
Trulia,"Contact For Estimate","5 bd","5ba","2290 Evans St","Fullerton, CA","3,229 sqft"
Trulia,"Contact For Estimate","3 bd","1ba","1213 Sudene Ave","Fullerton, CA","1,243 sqft"
Trulia,"Contact For Estimate","1 bd","1ba","400 Acacia Ave #C10","Fullerton, CA","677 sqft"
Trulia,"Contact For Estimate","3 bd","2ba","1313 W West Ave","Fullerton, CA","1,323 sqft"
Trulia,"Contact For Estimate","1 bd","1ba","3054 Associated Rd #26","Fullerton, CA","676 sqft"
Trulia,"Contact For Estimate","3 bd","2ba","918 S Brookhurst Rd","Fullerton, CA","1,268 sqft"
Trulia,"Contact For Estimate","4 bd","2ba","2330 E Brookdale Pl","Fullerton, CA","1,905 sqft"
Trulia,"","3 bd","2ba","N Mountain View Pl","Fullerton, CA","1,417 sqft"
Trulia,"Contact For Estimate","4 bd","3ba","2288 Pickwick Pl","Fullerton, CA","2,149 sqft"
Trulia,"","3 bd","2ba","E Rosslynn Ave","Fullerton, CA","1,495 sqft"
Trulia,"Contact For Estimate","4 bd","2ba","1620 Fairgreen Dr","Fullerton, CA","2,096 sqft"
Trulia,"Contact For Estimate","3 bd","3ba","431 Thunderbird Ct","Fullerton, CA","2,023 sqft"
Trulia,"Contact For Estimate","5 bd","3ba","3925 Nieto Pl","Fullerton, CA","2,692 sqft"
Trulia,"Contact For Estimate","3 bd","3ba","2067 Hetebrink St","Fullerton, CA","2,836 sqft"
Trulia,"Contact For Estimate","3 bd","2ba","1556 Conejo Ln","Fullerton, CA","2,109 sqft"
Trulia,"Contact For Estimate","4 bd","2ba","467 W Roberta Ave","Fullerton, CA","1,505 sqft"
Trulia,"Contact For Estimate","3 bd","2ba","1019 S Cedar Ave","Fullerton, CA","1,203 sqft"
Trulia,"Contact For Estimate","3 bd","2ba","1507 S Lovering Ave","Fullerton, CA","1,536 sqft"
Trulia,"Contact For Estimate","4 bd","1ba","2524 W Valencia Dr","Fullerton, CA","1,876 sqft"
Trulia,"Contact For Estimate","3 bd","3ba","1848 Somerset Ln","Fullerton, CA","2,879 sqft"
Trulia,"","3 bd","2ba","Birch Pl","Fullerton, CA","1,748 sqft"
Trulia,"","4 bd","2ba","Via Ingreso","Fullerton, CA","1,982 sqft"
Trulia,"","2 bd","1ba","Cornell Ave","Fullerton, CA","909 sqft"
Trulia,"","2 bd","1ba","Brookdale Pl","Fullerton, CA","1,409 sqft"
Trulia,"","3 bd","2ba","W Oak Ave","Fullerton, CA","1,232 sqft"
Trulia,"","3 bd","2ba","Rosslynn Ave","Fullerton, CA","1,250 sqft"
Trulia,"Contact For Estimate","4 bd","3ba","1730 Kingham Way","Fullerton, CA","2,789 sqft"
Trulia,"Contact For Estimate","4 bd","3ba","2071 Ward St","Fullerton, CA","2,738 sqft"
Trulia,"Contact For Estimate","3 bd","3ba","1818 Chantilly Ln","Fullerton, CA","2,879 sqft"
